,0,1,2,3,4,5,6
0,/en-gb/samples/,911,427,35167.0,23,149,197
1,/en-gb/oral-health/,838,453,22697.0,78,384,186
2,/en-gb/registration/,360,266,49599.0,22,43,82
3,/samples/,174,67,6103.0,0,25,19
4,/en-gb/vpv/register/complete,173,160,17930.0,0,1,48
5,/oral-health/,124,64,1419.0,8,47,27
6,/en-gb/my-profile/forgot-password/,119,111,12546.0,3,8,17
7,/en-gb/thank-you/?errorcode=0,112,108,3137.0,23,41,33
8,/en-gb/my-profile/personal-detail/,103,58,1274.0,0,1,1
9,/en-gb/oral-health/brands/,91,69,3410.0,4,11,16
10,/en-gb/patient-care-resources/,86,67,6728.0,0,6,18
11,/en-gb/my-profile/professional-detail/,64,40,2366.0,0,0,4
12,/en-gb/learning-lab/educational-resources/,59,42,4340.0,1,9,21
13,/en-gb/learning-lab/,57,43,2349.0,9,12,14
14,/registration/,46,33,7543.0,2,4,9
15,/my-profile/personal-detail/,36,18,223.0,0,0,0
16,/en-gb/contact-us/,35,29,4265.0,2,4,20
17,/oral-health/brands/,32,21,487.0,1,5,8
18,/my-profile/professional-detail/,30,17,967.0,0,0,1
19,/en-gb/oral-health/brands/sensodyne/overview/,24,17,1591.0,0,1,5
20,/en-gb/oral-health/conditions/,23,18,1382.0,1,3,4
21,/en-gb/my-profile/communication-preference/,22,20,171.0,0,0,1
22,/my-profile/forgot-password/,22,20,2792.0,0,0,2
23,/en-gb/oral-health/brands/sensodyne/science/novamin/,18,14,165.0,4,6,11
24,"/en-gb/thank-you/?errorcode=403002 ""account activation link expired""",18,15,919.0,3,7,6
25,/oral-health/brands/sensodyne/overview/,18,7,568.0,0,1,1
26,/patient-care-resources/,16,13,419.0,0,2,3
27,/en-gb/search-results/?_charset_=utf-8&:cq_csrf_token=undefined,15,8,1947.0,1,1,5
28,/en-gb/oral-health/brands/sensodyne/products/rapid-relief/,12,7,185.0,0,0,3
29,/en-gb/oral-health/conditions/sensitivity/causes-and-mechanisms/,12,11,553.0,5,6,8
30,/thank-you/?errorcode=0,12,12,520.0,0,3,5
31,/contact-us/,11,9,1594.0,0,1,2
32,/learning-lab/,11,8,81.0,0,1,0
33,/oral-health/brands/sensodyne/products/rapid-relief/,11,7,3367.0,0,0,1
34,/oral-health/brands/sensodyne/products/repair-and-protect/,11,4,630.0,0,1,2
35,/en-gb/oral-health/brands/sensodyne/products/repair-and-protect/,9,8,564.0,3,4,4
36,/my-profile/communication-preference/,9,9,79.0,0,0,0
37,/en-gb/oral-health/brands/sensodyne/products/,8,6,139.0,0,1,0
38,/en-gb/oral-health/brands/sensodyne/science/stannous-fluoride/,8,7,628.0,0,3,1
39,/en-gb/my-profile/account-details/,7,6,17.0,0,0,0
40,/en-gb/oral-health/brands/sensodyne/products/daily-care/,7,6,10.0,3,5,4
41,/en-gb/oral-health/conditions/sensitivity/diagnosis/,7,4,2236.0,0,1,2
42,/en-gb/oral-health/conditions/sensitivity/management/,6,2,1631.0,0,1,0
43,/en-gb/my-profile/delete-account/,5,4,61.0,0,0,0
44,/en-gb/oral-health/conditions/sensitivity/overview/,5,4,2515.0,0,2,0
45,/content/cf-consumer-healthcare/health-professionals/en_gb/home/oral-health.html,4,4,25.0,0,0,3
46,/en-gb/oral-health/brands/sensodyne/science/,4,3,41.0,0,0,0
47,/en-gb/sitemap/,4,4,0.0,2,2,4
48,/learning-lab/educational-resources/,4,4,70.0,0,0,2
49,/oral-health/conditions/,4,3,21.0,0,1,1
50,/en-gb/my-profile/reset-password/?apikey=3_q1scxlh_ppkkzyrv2fcoqturqnxufmrjgq4arvk6t3iny6auktn02whqgpsjpo0e&pwrt=tk1.9dyfpb5munwbylws7wgbm2vbejdsmxgvx7tub8a8nao,3,1,466.0,0,1,0
51,/en-gb/oral-health/brands/sensodyne/products/complete-protection/,3,2,122.0,0,1,0
52,/en-gb/privacy-notice/,3,3,27.0,1,2,1
53,/oral-health/brands/sensodyne/products/,3,2,13.0,0,0,0
54,/oral-health/brands/sensodyne/science/novamin/,3,3,726.0,0,1,1
55,/acceptable-use-policy/,2,1,33.0,0,0,0
56,/en-gb/accessibility/,2,2,7.0,0,1,0
57,/en-gb/learning-lab/other-learning-resources/,2,1,28.0,0,0,0
58,/en-gb/my-profile/reset-password/,2,2,8.0,0,0,1
59,/en-gb/my-profile/reset-password/?apikey=3_q1scxlh_ppkkzyrv2fcoqturqnxufmrjgq4arvk6t3iny6auktn02whqgpsjpo0e&pwrt=tk1.nm9lvfkuzckrnaowshw5q7wbdiw38fvhb9nxtyik9pu,2,1,56.0,0,1,1
60,/en-gb/my-profile/reset-password/?apikey=3_q1scxlh_ppkkzyrv2fcoqturqnxufmrjgq4arvk6t3iny6auktn02whqgpsjpo0e&pwrt=tk1.o8ojrtrchp7orpcjncrmidmmvzv_7m11wgorsxz-kz4,2,1,74.0,0,0,1
61,/en-gb/my-profile/reset-password/?apikey=3_q1scxlh_ppkkzyrv2fcoqturqnxufmrjgq4arvk6t3iny6auktn02whqgpsjpo0e&pwrt=tk1.ps5hufvrlfppffepr2pwlxxpin3gjca868zbjkfcqv8,2,2,0.0,2,2,2
62,/en-gb/my-profile/reset-password/?apikey=3_q1scxlh_ppkkzyrv2fcoqturqnxufmrjgq4arvk6t3iny6auktn02whqgpsjpo0e&pwrt=tk1.q4e0j9kpdhyylp7xb7kn3udwdhkvngrsi1sbfdfcfao,2,1,30.0,0,1,1
63,/en-gb/my-profile/reset-password/?apikey=3_q1scxlh_ppkkzyrv2fcoqturqnxufmrjgq4arvk6t3iny6auktn02whqgpsjpo0e&pwrt=tk1.qrh7_wuohys6om6koj--5rve9m5bgqld6g3r9wjz6cm,2,2,0.0,2,2,2
64,/en-gb/my-profile/reset-password/?apikey=3_q1scxlh_ppkkzyrv2fcoqturqnxufmrjgq4arvk6t3iny6auktn02whqgpsjpo0e&pwrt=tk1.rg8nieiz8rykkdvez40jr_lstuuyswegbq5sis_fqk0,2,1,258.0,0,0,0
65,/en-gb/search-results/,2,2,20.0,0,0,0
66,/my-profile/reset-password/?apikey=3_q1scxlh_ppkkzyrv2fcoqturqnxufmrjgq4arvk6t3iny6auktn02whqgpsjpo0e&pwrt=tk1.zgo8tdbyun6prtu8re8gtmjtouhxefe4szh8-xty_sy,2,2,55.0,1,1,1
67,/oral-health/brands/sensodyne/products/true-white/,2,1,79.0,0,0,0
68,/oral-health/brands/sensodyne/science/stannous-fluoride/,2,2,168.0,0,0,2
69,/oral-health/conditions/sensitivity/overview/,2,2,62.0,0,0,0
70,/privacy-notice/,2,1,140.0,0,0,0
71,/terms-of-use/,2,1,30.0,0,0,0
72,"/thank-you/?errorcode=403002 ""account activation link expired""",2,2,13.0,0,1,0
73,/cf-consumer-healthcare/health-professionals/en_gb/home/oral-health.html,1,1,4.0,0,0,0
74,/en-gb/global-landing/,1,1,0.0,1,1,1
75,/en-gb/my-profile/reset-password/?apikey=3_q1scxlh_ppkkzyrv2fcoqturqnxufmrjgq4arvk6t3iny6auktn02whqgpsjpo0e&pwrt=tk1.1yxscvfiydu6cq4ne_ryubmsguzrmaefjnupre0zg8c,1,1,58.0,0,0,0
76,/en-gb/my-profile/reset-password/?apikey=3_q1scxlh_ppkkzyrv2fcoqturqnxufmrjgq4arvk6t3iny6auktn02whqgpsjpo0e&pwrt=tk1.4jhteix2mkup9fbodllwr96lwogpae3sjzz_lv6-ukw,1,1,166.0,0,1,0
77,/en-gb/my-profile/reset-password/?apikey=3_q1scxlh_ppkkzyrv2fcoqturqnxufmrjgq4arvk6t3iny6auktn02whqgpsjpo0e&pwrt=tk1.550t10pgtzz1m3qg29o3zg5jiilpqpyja6mcsu_sv20,1,1,849.0,0,1,0
78,/en-gb/my-profile/reset-password/?apikey=3_q1scxlh_ppkkzyrv2fcoqturqnxufmrjgq4arvk6t3iny6auktn02whqgpsjpo0e&pwrt=tk1.8p4pmsscwiwmhg0bkfi_2ysdqnfdx3wm2l-1hd2cshi,1,1,49.0,0,0,0
79,/en-gb/my-profile/reset-password/?apikey=3_q1scxlh_ppkkzyrv2fcoqturqnxufmrjgq4arvk6t3iny6auktn02whqgpsjpo0e&pwrt=tk1.arxhehvgtto6gxwm9eupzseqjzzmkllt2pt5n_4s63e,1,1,33.0,0,0,0
80,/en-gb/my-profile/reset-password/?apikey=3_q1scxlh_ppkkzyrv2fcoqturqnxufmrjgq4arvk6t3iny6auktn02whqgpsjpo0e&pwrt=tk1.cauiju8xccxlcmrppxtftmcf65oxmkulqa0sxbfcqku,1,1,95.0,0,0,0
81,/en-gb/my-profile/reset-password/?apikey=3_q1scxlh_ppkkzyrv2fcoqturqnxufmrjgq4arvk6t3iny6auktn02whqgpsjpo0e&pwrt=tk1.cz-uxxjo8q547yi-i_avr2euez82sgwwrp6z2wf5ymu,1,1,108.0,0,1,0
82,/en-gb/my-profile/reset-password/?apikey=3_q1scxlh_ppkkzyrv2fcoqturqnxufmrjgq4arvk6t3iny6auktn02whqgpsjpo0e&pwrt=tk1.ee0kebmbfi0jsehzjduqvgbomm_6yuv31kintytccxq,1,1,0.0,1,1,1
83,/en-gb/my-profile/reset-password/?apikey=3_q1scxlh_ppkkzyrv2fcoqturqnxufmrjgq4arvk6t3iny6auktn02whqgpsjpo0e&pwrt=tk1.f0tl80i1r5pdls_bifo9gv2nvxzsbuawplbmz_2uelu,1,1,50.0,0,0,0
84,/en-gb/my-profile/reset-password/?apikey=3_q1scxlh_ppkkzyrv2fcoqturqnxufmrjgq4arvk6t3iny6auktn02whqgpsjpo0e&pwrt=tk1.fb-p3qh8p3nblix1h2yrhpifekfjtgod3znbi8g5owo,1,1,36.0,0,0,0
85,/en-gb/my-profile/reset-password/?apikey=3_q1scxlh_ppkkzyrv2fcoqturqnxufmrjgq4arvk6t3iny6auktn02whqgpsjpo0e&pwrt=tk1.fd3sso8en-evln_wzznhy6hrech__v8kp_q-fl1lj0u,1,1,65.0,0,0,0
86,/en-gb/my-profile/reset-password/?apikey=3_q1scxlh_ppkkzyrv2fcoqturqnxufmrjgq4arvk6t3iny6auktn02whqgpsjpo0e&pwrt=tk1.fmdgpafbxge8_hhdtvqkvs4ie0emf5odmmw2cbybmwc,1,1,137.0,0,0,0
87,/en-gb/my-profile/reset-password/?apikey=3_q1scxlh_ppkkzyrv2fcoqturqnxufmrjgq4arvk6t3iny6auktn02whqgpsjpo0e&pwrt=tk1.hclrzscghrtwvxbchvmdz3-lflhznuf5wviey1khgb8,1,1,83.0,0,0,0
88,/en-gb/my-profile/reset-password/?apikey=3_q1scxlh_ppkkzyrv2fcoqturqnxufmrjgq4arvk6t3iny6auktn02whqgpsjpo0e&pwrt=tk1.hz2xd0lwgztrubokpmvbwhzptojyqxqklaxwdyfscbm,1,1,85.0,0,0,0
89,/en-gb/my-profile/reset-password/?apikey=3_q1scxlh_ppkkzyrv2fcoqturqnxufmrjgq4arvk6t3iny6auktn02whqgpsjpo0e&pwrt=tk1.l22t8ilmm962ctppgylyzq626xvkvfteix2_3k5m7v0,1,1,68.0,0,0,0
90,/en-gb/my-profile/reset-password/?apikey=3_q1scxlh_ppkkzyrv2fcoqturqnxufmrjgq4arvk6t3iny6auktn02whqgpsjpo0e&pwrt=tk1.lq6h4fe6o1bg4tkhl017rugt8ub5et7zh2nvvzbxdvs,1,1,97.0,0,0,0
91,/en-gb/my-profile/reset-password/?apikey=3_q1scxlh_ppkkzyrv2fcoqturqnxufmrjgq4arvk6t3iny6auktn02whqgpsjpo0e&pwrt=tk1.m355trnsam0eelajfjeexp_vfovqvbi5phen_8yratg,1,1,700.0,0,0,0
92,/en-gb/my-profile/reset-password/?apikey=3_q1scxlh_ppkkzyrv2fcoqturqnxufmrjgq4arvk6t3iny6auktn02whqgpsjpo0e&pwrt=tk1.mncp_fajujamggc08a03nbyu3tyk6zwsjww31ewa7l4,1,1,120.0,0,0,1
93,/en-gb/my-profile/reset-password/?apikey=3_q1scxlh_ppkkzyrv2fcoqturqnxufmrjgq4arvk6t3iny6auktn02whqgpsjpo0e&pwrt=tk1.noz-f-lzcxnoaymccvpyz6cbdlld6lx1gnipizgvbbs,1,1,33.0,0,0,0
94,/en-gb/my-profile/reset-password/?apikey=3_q1scxlh_ppkkzyrv2fcoqturqnxufmrjgq4arvk6t3iny6auktn02whqgpsjpo0e&pwrt=tk1.nqnwrytpgqvj7adtiagycn266dnxqugcibvhce3zwdi,1,1,0.0,1,1,1
95,/en-gb/my-profile/reset-password/?apikey=3_q1scxlh_ppkkzyrv2fcoqturqnxufmrjgq4arvk6t3iny6auktn02whqgpsjpo0e&pwrt=tk1.o9_t8qo5jwe_abnekp1x7fbvv808izirzvu1axoto3k,1,1,20.0,0,0,0
96,/en-gb/my-profile/reset-password/?apikey=3_q1scxlh_ppkkzyrv2fcoqturqnxufmrjgq4arvk6t3iny6auktn02whqgpsjpo0e&pwrt=tk1.rrvydcqgasi3yx6znxt6mg6qpb7s2dmnx2e9tuju6qu,1,1,23.0,0,0,0
97,/en-gb/my-profile/reset-password/?apikey=3_q1scxlh_ppkkzyrv2fcoqturqnxufmrjgq4arvk6t3iny6auktn02whqgpsjpo0e&pwrt=tk1.rxw3d3hempqwuxscmllyms7ra6pbsacdgkdmcdus0os,1,1,0.0,1,1,1
98,/en-gb/my-profile/reset-password/?apikey=3_q1scxlh_ppkkzyrv2fcoqturqnxufmrjgq4arvk6t3iny6auktn02whqgpsjpo0e&pwrt=tk1.t15srvk8uw3yubmhn6jgprasfis-nwc22qqnm5qerl0,1,1,228.0,0,0,0
99,/en-gb/my-profile/reset-password/?apikey=3_q1scxlh_ppkkzyrv2fcoqturqnxufmrjgq4arvk6t3iny6auktn02whqgpsjpo0e&pwrt=tk1.ua95gmb-fxygtlzawpnqoatvu54sefppxiecuandakg,1,1,25.0,0,0,0
100,/en-gb/my-profile/reset-password/?apikey=3_q1scxlh_ppkkzyrv2fcoqturqnxufmrjgq4arvk6t3iny6auktn02whqgpsjpo0e&pwrt=tk1.ursn4fstevg691evcz2yqio1lbbqicwbfmcshbmbmp4,1,1,42.0,0,0,0
101,/en-gb/my-profile/reset-password/?apikey=3_q1scxlh_ppkkzyrv2fcoqturqnxufmrjgq4arvk6t3iny6auktn02whqgpsjpo0e&pwrt=tk1.wmgfeggob8jqatlduiyullf-az_8kmqxgaycmyd8-20,1,1,33.0,0,0,0
102,/en-gb/my-profile/reset-password/?apikey=3_q1scxlh_ppkkzyrv2fcoqturqnxufmrjgq4arvk6t3iny6auktn02whqgpsjpo0e&pwrt=tk1.xedog2g99oi5lsnj0bh5apt1ihjay4rysoz5lllopwo,1,1,110.0,0,0,0
103,/en-gb/my-profile/reset-password/?apikey=3_q1scxlh_ppkkzyrv2fcoqturqnxufmrjgq4arvk6t3iny6auktn02whqgpsjpo0e&pwrt=tk1.xoqt_uli_nncjudzgyb3rjlbi7p7hjxtjv6hkxglo54,1,1,118.0,0,0,0
104,/en-gb/my-profile/reset-password/?apikey=3_q1scxlh_ppkkzyrv2fcoqturqnxufmrjgq4arvk6t3iny6auktn02whqgpsjpo0e&pwrt=tk1.xpp5dae32atn3cnjmoy6lqthrzte7vovliiiy9pgjaq,1,1,235.0,0,1,0
105,/en-gb/my-profile/reset-password/?apikey=3_q1scxlh_ppkkzyrv2fcoqturqnxufmrjgq4arvk6t3iny6auktn02whqgpsjpo0e&pwrt=tk1.yai45iohuxb6ed27fvq4wgo4pnl-dhzawnlbdgdkg14,1,1,66.0,0,0,0
106,/en-gb/oral-health/brands/sensodyne/products/true-white/,1,1,0.0,0,0,1
107,/en-gb/oral-health/conditions/dry-mouth/overview/,1,1,0.0,1,1,1
108,/en-gb/oral-health/conditions/sensitivity/impact-on-quality-of-life/,1,1,17.0,0,0,0
109,/en-gb/oral-health/learning-lab/,1,1,524.0,0,1,0
110,/en-gb/oral-health/learning-lab/educational-resources/,1,1,0.0,0,0,1
111,/en-gb/oral-health/patient-care-resources/,1,1,0.0,0,0,1
112,/en-gb/oral-health/register/complete/,1,1,93.0,0,0,0
113,/en-gb/registration/https://gsk-dentalprofessionals.co.uk/sign-up/,1,1,15.0,0,0,0
114,/en-gb/search-results/?_charset_=utf-8&:cq_csrf_token=eyjlehaioje1mzc4nju3odusimlhdci6mtuznzg2nte4nx0.ilopma-4xlaln2cppjwawkf1joi_6xpddvatij9xi6g,1,1,0.0,0,0,1
115,/en-gb/search-results/?_charset_=utf-8&:cq_csrf_token=eyjlehaioje1mzc5ntiznzasimlhdci6mtuznzk1mtc3mh0.exyebapwjkhqlls-oknbewfxfhdieutd8mdvbg9l0jm,1,1,0.0,0,0,1
116,/en-gb/search-results/?_charset_=utf-8&:cq_csrf_token=eyjlehaioje1mzgymdyymjgsimlhdci6mtuzodiwntyyoh0.cbzfhl3jo6qwpv4sosl_vpxgtiyzak1ffbe4gw5qd9q,1,1,6.0,0,0,0
117,/en-gb/thank-you/,1,1,0.0,1,1,1
118,/my-profile/account-details/,1,1,2.0,0,0,0
119,/my-profile/delete-account/,1,1,11.0,0,0,0
120,/my-profile/reset-password/?apikey=3_q1scxlh_ppkkzyrv2fcoqturqnxufmrjgq4arvk6t3iny6auktn02whqgpsjpo0e&pwrt=tk1.0pwm8j15dkwvhojdqdgzrxeiiwq01tm5age4rfyygb8,1,1,39.0,0,0,0
121,/my-profile/reset-password/?apikey=3_q1scxlh_ppkkzyrv2fcoqturqnxufmrjgq4arvk6t3iny6auktn02whqgpsjpo0e&pwrt=tk1.a0bb8ufbwttrt3zixqh_-fxrsoxb1tespni09uuv1qq,1,1,50.0,0,0,0
122,/my-profile/reset-password/?apikey=3_q1scxlh_ppkkzyrv2fcoqturqnxufmrjgq4arvk6t3iny6auktn02whqgpsjpo0e&pwrt=tk1.gm8a1sslelbvqugqmtyshovply5amkngkegyflxndhu,1,1,39.0,0,0,0
123,/my-profile/reset-password/?apikey=3_q1scxlh_ppkkzyrv2fcoqturqnxufmrjgq4arvk6t3iny6auktn02whqgpsjpo0e&pwrt=tk1.hdg_rpifnoyzqvgrf1xexwhpwzdcrcvgodu_95xrx8a,1,1,144.0,0,0,0
124,/my-profile/reset-password/?apikey=3_q1scxlh_ppkkzyrv2fcoqturqnxufmrjgq4arvk6t3iny6auktn02whqgpsjpo0e&pwrt=tk1.k_4qrmjiq3djhijuguvzjdq3oxjbrwqek6c2aqv98-8,1,1,21.0,0,0,0
125,/my-profile/reset-password/?apikey=3_q1scxlh_ppkkzyrv2fcoqturqnxufmrjgq4arvk6t3iny6auktn02whqgpsjpo0e&pwrt=tk1.q0vvhjrvqscsvooctmgdmwxf6y5fdobxjixuaikswgk,1,1,42.0,0,0,0
126,/my-profile/reset-password/?apikey=3_q1scxlh_ppkkzyrv2fcoqturqnxufmrjgq4arvk6t3iny6auktn02whqgpsjpo0e&pwrt=tk1.vrej5upgtpvhvamsheaq94bssumiw2tvni5dqbehtte,1,1,43.0,0,0,0
127,/my-profile/reset-password/?apikey=3_q1scxlh_ppkkzyrv2fcoqturqnxufmrjgq4arvk6t3iny6auktn02whqgpsjpo0e&pwrt=tk1.xisf25bj8xqi3hhdjsr8jcof0er-gbw4qnwipbc7wrq,1,1,0.0,1,1,1
128,/my-profile/reset-password/?apikey=3_q1scxlh_ppkkzyrv2fcoqturqnxufmrjgq4arvk6t3iny6auktn02whqgpsjpo0e&pwrt=tk1.zwcmxfzdfhpe3oj2da0mwhfces3v6wmt9mp39quqkvy,1,1,15.0,0,0,0
129,/oral-health/brands/sensodyne/products/daily-care/,1,1,31.0,0,0,0
130,/oral-health/brands/sensodyne/science/,1,1,5.0,0,0,0
131,/oral-health/conditions/sensitivity/causes-and-mechanisms/,1,1,0.0,0,0,1
132,/oral-health/conditions/sensitivity/diagnosis/,1,1,0.0,1,1,1
133,/search-results/?_charset_=utf-8&:cq_csrf_token=eyjlehaioje1mzgzodaynjksimlhdci6mtuzodm3oty2ox0.xk_yijcyxmhxqp_05j5nhmflp0oflvmgb5co1nggxgk,1,1,10.0,0,0,0
134,/search-results/?_charset_=utf-8&:cq_csrf_token=eyjlehaioje1mzgzodazmdysimlhdci6mtuzodm3otcwnn0.sq3ftywbqwa8_yyj9noynq6ncnrgsdknsq5psnylh38,1,1,0.0,0,0,1
135,/search-results/?_charset_=utf-8&:cq_csrf_token=undefined,1,1,12.0,0,0,0
